BEGIN TRANSACTION;

CREATE TABLE `utilisateurs` (`id` UUIDV1 PRIMARY KEY, `mail` VARCHAR(255), `password` VARCHAR(255), `nom` VARCHAR(255), `prenom` VARCHAR(255), `createdAt` DATETIME NOT NULL, `updatedAt` DATETIME NOT NULL)
CREATE TABLE `groupes` (`id` INTEGER PRIMARY KEY AUTOINCREMENT, `nom` VARCHAR(255), `createdAt` DATETIME NOT NULL, `updatedAt` DATETIME NOT NULL)
CREATE TABLE `messages` (`id` UUIDV1 PRIMARY KEY, `utilisateur` INTEGER, `contenu` VARCHAR(255), `createdAt` DATETIME NOT NULL, `updatedAt` DATETIME NOT NULL)
CREATE TABLE `message_groupes` (`message` INTEGER NOT NULL, `groupe` INTEGER NOT NULL, `visible` TINYINT(1), `plus` INTEGER, `moins` INTEGER, `createdAt` DATETIME NOT NULL, `updatedAt` DATETIME NOT NULL, PRIMARY KEY (`message`, `groupe`))
CREATE TABLE `utilisateur_groupes` (`utilisateur` INTEGER NOT NULL, `groupe` INTEGER NOT NULL, `admin` TINYINT(1), `createdAt` DATETIME NOT NULL, `updatedAt` DATETIME NOT NULL, PRIMARY KEY (`utilisateur`, `groupe`))
CREATE TABLE sqlite_sequence(name,seq)

INSERT INTO `utilisateurs` (id,mail,password,nom,prenom,createdAt,updatedAt) VALUES (1,'utilisateur1@gmail.com','8cb2237d0679ca88db6464eac60da96345513964','NomUtilisateur1','PrenomUtilisateur1','2018-02-14 10:20:05','2018-02-14 10:20:05');
INSERT INTO `utilisateurs` (id,mail,password,nom,prenom,createdAt,updatedAt) VALUES (2,'utilisateur2@gmail.com','8cb2237d0679ca88db6464eac60da96345513964','NomUtilisateur2','PrenomUtilisateur2','2018-02-14 10:20:05','2018-02-14 10:20:05');
INSERT INTO `utilisateurs` (id,mail,password,nom,prenom,createdAt,updatedAt) VALUES (3,'utilisateur3@gmail.com','8cb2237d0679ca88db6464eac60da96345513964','NomUtilisateur3','PrenomUtilisateur3','2018-02-14 10:20:05','2018-02-14 10:20:05');
INSERT INTO `utilisateurs` (id,mail,password,nom,prenom,createdAt,updatedAt) VALUES (4,'utilisateur4@gmail.com','8cb2237d0679ca88db6464eac60da96345513964','NomUtilisateur4','PrenomUtilisateur4','2018-02-14 10:20:05','2018-02-14 10:20:05');
INSERT INTO `utilisateurs` (id,mail,password,nom,prenom,createdAt,updatedAt) VALUES (5,'utilisateur5@gmail.com','8cb2237d0679ca88db6464eac60da96345513964','NomUtilisateur5','PrenomUtilisateur5','2018-02-14 10:20:05','2018-02-14 10:20:05');
INSERT INTO `utilisateurs` (id,mail,password,nom,prenom,createdAt,updatedAt) VALUES (6,'utilisateur6@gmail.com','8cb2237d0679ca88db6464eac60da96345513964','NomUtilisateur6','PrenomUtilisateur6','2018-02-14 10:20:05','2018-02-14 10:20:05');
INSERT INTO `utilisateurs` (id,mail,password,nom,prenom,createdAt,updatedAt) VALUES (7,'utilisateur7@gmail.com','8cb2237d0679ca88db6464eac60da96345513964','NomUtilisateur7','PrenomUtilisateur7','2018-02-14 10:20:05','2018-02-14 10:20:05');
INSERT INTO `utilisateurs` (id,mail,password,nom,prenom,createdAt,updatedAt) VALUES (8,'utilisateur8@gmail.com','8cb2237d0679ca88db6464eac60da96345513964','NomUtilisateur8','PrenomUtilisateur8','2018-02-14 10:20:05','2018-02-14 10:20:05');
INSERT INTO `utilisateurs` (id,mail,password,nom,prenom,createdAt,updatedAt) VALUES (9,'utilisateur9@gmail.com','8cb2237d0679ca88db6464eac60da96345513964','NomUtilisateur9','PrenomUtilisateur9','2018-02-14 10:20:05','2018-02-14 10:20:05');
INSERT INTO `utilisateurs` (id,mail,password,nom,prenom,createdAt,updatedAt) VALUES (10,'utilisateur10@gmail.com','8cb2237d0679ca88db6464eac60da96345513964','NomUtilisateur10','PrenomUtilisateur10','2018-02-14 10:20:05','2018-02-14 10:20:05');

INSERT INTO `messages` (id,utilisateur,contenu,createdAt,updatedAt) VALUES (1,1,'Lorem ipsum dolor sit amet, consectetur adipiscing elit, sed do eiusmod tempor incididunt ut labore et dolore magna aliqua. Ut enim ad minim veniam, quis nostrud exercitation ullamco laboris nisi ut aliquip ex ea commodo consequat. Duis aute irure dolor in reprehenderit in voluptate velit esse cillum dolore eu fugiat nulla pariatur. Excepteur sint occaecat cupidatat non proident, sunt in culpa qui officia deserunt mollit anim id est laborum.','2018-02-14 10:20:05','2018-02-14 10:20:05');
INSERT INTO `messages` (id,utilisateur,contenu,createdAt,updatedAt) VALUES (2,2,'Lorem ipsum dolor sit amet, consectetur adipiscing elit, sed do eiusmod tempor incididunt ut labore et dolore magna aliqua. Ut enim ad minim veniam, quis nostrud exercitation ullamco laboris nisi ut aliquip ex ea commodo consequat. Duis aute irure dolor in reprehenderit in voluptate velit esse cillum dolore eu fugiat nulla pariatur. Excepteur sint occaecat cupidatat non proident, sunt in culpa qui officia deserunt mollit anim id est laborum.','2018-02-14 10:21:05','2018-02-14 10:20:05');
INSERT INTO `messages` (id,utilisateur,contenu,createdAt,updatedAt) VALUES (3,3,'Lorem ipsum dolor sit amet, consectetur adipiscing elit, sed do eiusmod tempor incididunt ut labore et dolore magna aliqua. Ut enim ad minim veniam, quis nostrud exercitation ullamco laboris nisi ut aliquip ex ea commodo consequat. Duis aute irure dolor in reprehenderit in voluptate velit esse cillum dolore eu fugiat nulla pariatur. Excepteur sint occaecat cupidatat non proident, sunt in culpa qui officia deserunt mollit anim id est laborum.','2018-02-14 10:20:05','2018-02-14 10:20:05');
INSERT INTO `messages` (id,utilisateur,contenu,createdAt,updatedAt) VALUES (4,4,'Lorem ipsum dolor sit amet, consectetur adipiscing elit, sed do eiusmod tempor incididunt ut labore et dolore magna aliqua. Ut enim ad minim veniam, quis nostrud exercitation ullamco laboris nisi ut aliquip ex ea commodo consequat. Duis aute irure dolor in reprehenderit in voluptate velit esse cillum dolore eu fugiat nulla pariatur. Excepteur sint occaecat cupidatat non proident, sunt in culpa qui officia deserunt mollit anim id est laborum.','2018-02-14 10:20:05','2018-02-14 10:20:05');
INSERT INTO `messages` (id,utilisateur,contenu,createdAt,updatedAt) VALUES (5,5,'Lorem ipsum dolor sit amet, consectetur adipiscing elit, sed do eiusmod tempor incididunt ut labore et dolore magna aliqua. Ut enim ad minim veniam, quis nostrud exercitation ullamco laboris nisi ut aliquip ex ea commodo consequat. Duis aute irure dolor in reprehenderit in voluptate velit esse cillum dolore eu fugiat nulla pariatur. Excepteur sint occaecat cupidatat non proident, sunt in culpa qui officia deserunt mollit anim id est laborum.','2018-02-14 10:20:05','2018-02-14 10:20:05');
INSERT INTO `messages` (id,utilisateur,contenu,createdAt,updatedAt) VALUES (6,6,'Lorem ipsum dolor sit amet, consectetur adipiscing elit, sed do eiusmod tempor incididunt ut labore et dolore magna aliqua. Ut enim ad minim veniam, quis nostrud exercitation ullamco laboris nisi ut aliquip ex ea commodo consequat. Duis aute irure dolor in reprehenderit in voluptate velit esse cillum dolore eu fugiat nulla pariatur. Excepteur sint occaecat cupidatat non proident, sunt in culpa qui officia deserunt mollit anim id est laborum.','2018-02-14 10:20:05','2018-02-14 10:20:05');
INSERT INTO `messages` (id,utilisateur,contenu,createdAt,updatedAt) VALUES (7,7,'Lorem ipsum dolor sit amet, consectetur adipiscing elit, sed do eiusmod tempor incididunt ut labore et dolore magna aliqua. Ut enim ad minim veniam, quis nostrud exercitation ullamco laboris nisi ut aliquip ex ea commodo consequat. Duis aute irure dolor in reprehenderit in voluptate velit esse cillum dolore eu fugiat nulla pariatur. Excepteur sint occaecat cupidatat non proident, sunt in culpa qui officia deserunt mollit anim id est laborum.','2018-02-14 10:20:05','2018-02-14 10:20:05');
INSERT INTO `messages` (id,utilisateur,contenu,createdAt,updatedAt) VALUES (8,8,'Lorem ipsum dolor sit amet, consectetur adipiscing elit, sed do eiusmod tempor incididunt ut labore et dolore magna aliqua. Ut enim ad minim veniam, quis nostrud exercitation ullamco laboris nisi ut aliquip ex ea commodo consequat. Duis aute irure dolor in reprehenderit in voluptate velit esse cillum dolore eu fugiat nulla pariatur. Excepteur sint occaecat cupidatat non proident, sunt in culpa qui officia deserunt mollit anim id est laborum.','2018-02-14 10:20:05','2018-02-14 10:20:05');
INSERT INTO `messages` (id,utilisateur,contenu,createdAt,updatedAt) VALUES (9,9,'Lorem ipsum dolor sit amet, consectetur adipiscing elit, sed do eiusmod tempor incididunt ut labore et dolore magna aliqua. Ut enim ad minim veniam, quis nostrud exercitation ullamco laboris nisi ut aliquip ex ea commodo consequat. Duis aute irure dolor in reprehenderit in voluptate velit esse cillum dolore eu fugiat nulla pariatur. Excepteur sint occaecat cupidatat non proident, sunt in culpa qui officia deserunt mollit anim id est laborum.','2018-02-14 10:20:05','2018-02-14 10:20:05');
INSERT INTO `messages` (id,utilisateur,contenu,createdAt,updatedAt) VALUES (10,10,'Lorem ipsum dolor sit amet, consectetur adipiscing elit, sed do eiusmod tempor incididunt ut labore et dolore magna aliqua. Ut enim ad minim veniam, quis nostrud exercitation ullamco laboris nisi ut aliquip ex ea commodo consequat. Duis aute irure dolor in reprehenderit in voluptate velit esse cillum dolore eu fugiat nulla pariatur. Excepteur sint occaecat cupidatat non proident, sunt in culpa qui officia deserunt mollit anim id est laborum.','2018-02-14 10:20:05','2018-02-14 10:20:05');
INSERT INTO `messages` (id,utilisateur,contenu,createdAt,updatedAt) VALUES (11,1,'Lorem ipsum dolor sit amet, consectetur adipiscing elit, sed do eiusmod tempor incididunt ut labore et dolore magna aliqua. Ut enim ad minim veniam, quis nostrud exercitation ullamco laboris nisi ut aliquip ex ea commodo consequat. Duis aute irure dolor in reprehenderit in voluptate velit esse cillum dolore eu fugiat nulla pariatur. Excepteur sint occaecat cupidatat non proident, sunt in culpa qui officia deserunt mollit anim id est laborum.','2018-02-14 10:20:05','2018-02-14 10:20:05');
INSERT INTO `messages` (id,utilisateur,contenu,createdAt,updatedAt) VALUES (12,2,'Lorem ipsum dolor sit amet, consectetur adipiscing elit, sed do eiusmod tempor incididunt ut labore et dolore magna aliqua. Ut enim ad minim veniam, quis nostrud exercitation ullamco laboris nisi ut aliquip ex ea commodo consequat. Duis aute irure dolor in reprehenderit in voluptate velit esse cillum dolore eu fugiat nulla pariatur. Excepteur sint occaecat cupidatat non proident, sunt in culpa qui officia deserunt mollit anim id est laborum.','2018-02-14 10:20:05','2018-02-14 10:20:05');
INSERT INTO `messages` (id,utilisateur,contenu,createdAt,updatedAt) VALUES (13,3,'Lorem ipsum dolor sit amet, consectetur adipiscing elit, sed do eiusmod tempor incididunt ut labore et dolore magna aliqua. Ut enim ad minim veniam, quis nostrud exercitation ullamco laboris nisi ut aliquip ex ea commodo consequat. Duis aute irure dolor in reprehenderit in voluptate velit esse cillum dolore eu fugiat nulla pariatur. Excepteur sint occaecat cupidatat non proident, sunt in culpa qui officia deserunt mollit anim id est laborum.','2018-02-14 10:20:05','2018-02-14 10:20:05');
INSERT INTO `messages` (id,utilisateur,contenu,createdAt,updatedAt) VALUES (14,4,'Lorem ipsum dolor sit amet, consectetur adipiscing elit, sed do eiusmod tempor incididunt ut labore et dolore magna aliqua. Ut enim ad minim veniam, quis nostrud exercitation ullamco laboris nisi ut aliquip ex ea commodo consequat. Duis aute irure dolor in reprehenderit in voluptate velit esse cillum dolore eu fugiat nulla pariatur. Excepteur sint occaecat cupidatat non proident, sunt in culpa qui officia deserunt mollit anim id est laborum.','2018-02-14 10:20:05','2018-02-14 10:20:05');
INSERT INTO `messages` (id,utilisateur,contenu,createdAt,updatedAt) VALUES (15,5,'Lorem ipsum dolor sit amet, consectetur adipiscing elit, sed do eiusmod tempor incididunt ut labore et dolore magna aliqua. Ut enim ad minim veniam, quis nostrud exercitation ullamco laboris nisi ut aliquip ex ea commodo consequat. Duis aute irure dolor in reprehenderit in voluptate velit esse cillum dolore eu fugiat nulla pariatur. Excepteur sint occaecat cupidatat non proident, sunt in culpa qui officia deserunt mollit anim id est laborum.','2018-02-14 10:20:05','2018-02-14 10:20:05');
INSERT INTO `messages` (id,utilisateur,contenu,createdAt,updatedAt) VALUES (16,6,'Lorem ipsum dolor sit amet, consectetur adipiscing elit, sed do eiusmod tempor incididunt ut labore et dolore magna aliqua. Ut enim ad minim veniam, quis nostrud exercitation ullamco laboris nisi ut aliquip ex ea commodo consequat. Duis aute irure dolor in reprehenderit in voluptate velit esse cillum dolore eu fugiat nulla pariatur. Excepteur sint occaecat cupidatat non proident, sunt in culpa qui officia deserunt mollit anim id est laborum.','2018-02-14 10:20:05','2018-02-14 10:20:05');
INSERT INTO `messages` (id,utilisateur,contenu,createdAt,updatedAt) VALUES (17,7,'Lorem ipsum dolor sit amet, consectetur adipiscing elit, sed do eiusmod tempor incididunt ut labore et dolore magna aliqua. Ut enim ad minim veniam, quis nostrud exercitation ullamco laboris nisi ut aliquip ex ea commodo consequat. Duis aute irure dolor in reprehenderit in voluptate velit esse cillum dolore eu fugiat nulla pariatur. Excepteur sint occaecat cupidatat non proident, sunt in culpa qui officia deserunt mollit anim id est laborum.','2018-02-14 10:20:05','2018-02-14 10:20:05');
INSERT INTO `messages` (id,utilisateur,contenu,createdAt,updatedAt) VALUES (18,8,'Lorem ipsum dolor sit amet, consectetur adipiscing elit, sed do eiusmod tempor incididunt ut labore et dolore magna aliqua. Ut enim ad minim veniam, quis nostrud exercitation ullamco laboris nisi ut aliquip ex ea commodo consequat. Duis aute irure dolor in reprehenderit in voluptate velit esse cillum dolore eu fugiat nulla pariatur. Excepteur sint occaecat cupidatat non proident, sunt in culpa qui officia deserunt mollit anim id est laborum.','2018-02-14 10:20:05','2018-02-14 10:20:05');
INSERT INTO `messages` (id,utilisateur,contenu,createdAt,updatedAt) VALUES (19,9,'Lorem ipsum dolor sit amet, consectetur adipiscing elit, sed do eiusmod tempor incididunt ut labore et dolore magna aliqua. Ut enim ad minim veniam, quis nostrud exercitation ullamco laboris nisi ut aliquip ex ea commodo consequat. Duis aute irure dolor in reprehenderit in voluptate velit esse cillum dolore eu fugiat nulla pariatur. Excepteur sint occaecat cupidatat non proident, sunt in culpa qui officia deserunt mollit anim id est laborum.','2018-02-14 10:20:05','2018-02-14 10:20:05');
INSERT INTO `messages` (id,utilisateur,contenu,createdAt,updatedAt) VALUES (20,10,'Lorem ipsum dolor sit amet, consectetur adipiscing elit, sed do eiusmod tempor incididunt ut labore et dolore magna aliqua. Ut enim ad minim veniam, quis nostrud exercitation ullamco laboris nisi ut aliquip ex ea commodo consequat. Duis aute irure dolor in reprehenderit in voluptate velit esse cillum dolore eu fugiat nulla pariatur. Excepteur sint occaecat cupidatat non proident, sunt in culpa qui officia deserunt mollit anim id est laborum.','2018-02-14 10:20:05','2018-02-14 10:20:05');

INSERT INTO `groupes` (id,nom,createdAt,updatedAt) VALUES (1,'Projet Mioga','2018-02-14 10:20:05','2018-02-14 10:20:05');
INSERT INTO `groupes` (id,nom,createdAt,updatedAt) VALUES (2,'Groupe des chefs','2018-02-14 10:20:05','2018-02-14 10:20:05');
INSERT INTO `groupes` (id,nom,createdAt,updatedAt) VALUES (3,'Techs','2018-02-14 10:20:05','2018-02-14 10:20:05');
INSERT INTO `groupes` (id,nom,createdAt,updatedAt) VALUES (4,'Club de Foot ','2018-02-14 10:20:05','2018-02-14 10:20:05');
INSERT INTO `groupes` (id,nom,createdAt,updatedAt) VALUES (5,'HelpDesk','2018-02-14 10:20:05','2018-02-14 10:20:05');
INSERT INTO `groupes` (id,nom,createdAt,updatedAt) VALUES (6,'Dev Interne','2018-02-14 10:20:05','2018-02-14 10:20:05');
INSERT INTO `groupes` (id,nom,createdAt,updatedAt) VALUES (7,'Dev Externe','2018-02-14 10:20:05','2018-02-14 10:20:05');
INSERT INTO `groupes` (id,nom,createdAt,updatedAt) VALUES (8,'Bénévoles de la Salle de Sport','2018-02-14 10:20:05','2018-02-14 10:20:05');
INSERT INTO `groupes` (id,nom,createdAt,updatedAt) VALUES (9,'Projet Portail','2018-02-14 10:20:05','2018-02-14 10:20:05');
INSERT INTO `groupes` (id,nom,createdAt,updatedAt) VALUES (10,'Recherche et Developpement','2018-02-14 10:20:05','2018-02-14 10:20:05');

INSERT INTO `utilisateur_groupes` (utilisateur,groupe,admin,createdAt,updatedAt) VALUES (1,1,1,'2018-02-14 10:20:05','2018-02-14 10:20:05');
INSERT INTO `utilisateur_groupes` (utilisateur,groupe,admin,createdAt,updatedAt) VALUES (1,2,0,'2018-02-14 10:20:05','2018-02-14 10:20:05');
INSERT INTO `utilisateur_groupes` (utilisateur,groupe,admin,createdAt,updatedAt) VALUES (1,5,0,'2018-02-14 10:20:05','2018-02-14 10:20:05');
INSERT INTO `utilisateur_groupes` (utilisateur,groupe,admin,createdAt,updatedAt) VALUES (2,1,0,'2018-02-14 10:20:05','2018-02-14 10:20:05');
INSERT INTO `utilisateur_groupes` (utilisateur,groupe,admin,createdAt,updatedAt) VALUES (2,7,1,'2018-02-14 10:20:05','2018-02-14 10:20:05');
INSERT INTO `utilisateur_groupes` (utilisateur,groupe,admin,createdAt,updatedAt) VALUES (3,1,0,'2018-02-14 10:20:05','2018-02-14 10:20:05');
INSERT INTO `utilisateur_groupes` (utilisateur,groupe,admin,createdAt,updatedAt) VALUES (3,4,1,'2018-02-14 10:20:05','2018-02-14 10:20:05');
INSERT INTO `utilisateur_groupes` (utilisateur,groupe,admin,createdAt,updatedAt) VALUES (4,1,1,'2018-02-14 10:20:05','2018-02-14 10:20:05');
INSERT INTO `utilisateur_groupes` (utilisateur,groupe,admin,createdAt,updatedAt) VALUES (4,2,1,'2018-02-14 10:20:05','2018-02-14 10:20:05');
INSERT INTO `utilisateur_groupes` (utilisateur,groupe,admin,createdAt,updatedAt) VALUES (5,5,1,'2018-02-14 10:20:05','2018-02-14 10:20:05');
INSERT INTO `utilisateur_groupes` (utilisateur,groupe,admin,createdAt,updatedAt) VALUES (6,2,0,'2018-02-14 10:20:05','2018-02-14 10:20:05');
INSERT INTO `utilisateur_groupes` (utilisateur,groupe,admin,createdAt,updatedAt) VALUES (6,4,0,'2018-02-14 10:20:05','2018-02-14 10:20:05');
INSERT INTO `utilisateur_groupes` (utilisateur,groupe,admin,createdAt,updatedAt) VALUES (6,5,0,'2018-02-14 10:20:05','2018-02-14 10:20:05');
INSERT INTO `utilisateur_groupes` (utilisateur,groupe,admin,createdAt,updatedAt) VALUES (7,5,0,'2018-02-14 10:20:05','2018-02-14 10:20:05');
INSERT INTO `utilisateur_groupes` (utilisateur,groupe,admin,createdAt,updatedAt) VALUES (8,2,0,'2018-02-14 10:20:05','2018-02-14 10:20:05');
INSERT INTO `utilisateur_groupes` (utilisateur,groupe,admin,createdAt,updatedAt) VALUES (9,7,0,'2018-02-14 10:20:05','2018-02-14 10:20:05');
INSERT INTO `utilisateur_groupes` (utilisateur,groupe,admin,createdAt,updatedAt) VALUES (10,7,0,'2018-02-14 10:20:05','2018-02-14 10:20:05');

INSERT INTO `message_groupes` (message,groupe,visible,plus,moins,createdAt,updatedAt) VALUES (1,1,1,0,0,'2018-02-14 10:20:05','2018-02-14 10:20:05');
INSERT INTO `message_groupes` (message,groupe,visible,plus,moins,createdAt,updatedAt) VALUES (1,2,1,0,0,'2018-02-14 10:20:05','2018-02-14 10:20:05');
INSERT INTO `message_groupes` (message,groupe,visible,plus,moins,createdAt,updatedAt) VALUES (2,7,1,0,0,'2018-02-14 10:20:05','2018-02-14 10:20:05');
INSERT INTO `message_groupes` (message,groupe,visible,plus,moins,createdAt,updatedAt) VALUES (2,1,1,0,0,'2018-02-14 10:20:05','2018-02-14 10:20:05');
INSERT INTO `message_groupes` (message,groupe,visible,plus,moins,createdAt,updatedAt) VALUES (3,4,1,0,0,'2018-02-14 10:20:05','2018-02-14 10:20:05');
INSERT INTO `message_groupes` (message,groupe,visible,plus,moins,createdAt,updatedAt) VALUES (3,1,0,0,0,'2018-02-14 10:20:05','2018-02-14 10:20:05');
INSERT INTO `message_groupes` (message,groupe,visible,plus,moins,createdAt,updatedAt) VALUES (4,1,1,0,0,'2018-02-14 10:20:05','2018-02-14 10:20:05');
INSERT INTO `message_groupes` (message,groupe,visible,plus,moins,createdAt,updatedAt) VALUES (6,2,1,0,0,'2018-02-14 10:20:05','2018-02-14 10:20:05');
INSERT INTO `message_groupes` (message,groupe,visible,plus,moins,createdAt,updatedAt) VALUES (6,5,1,0,0,'2018-02-14 10:20:05','2018-02-14 10:20:05');
INSERT INTO `message_groupes` (message,groupe,visible,plus,moins,createdAt,updatedAt) VALUES (7,5,1,0,0,'2018-02-14 10:20:05','2018-02-14 10:20:05');
INSERT INTO `message_groupes` (message,groupe,visible,plus,moins,createdAt,updatedAt) VALUES (8,2,0,0,0,'2018-02-14 10:20:05','2018-02-14 10:20:05');
INSERT INTO `message_groupes` (message,groupe,visible,plus,moins,createdAt,updatedAt) VALUES (9,7,1,0,0,'2018-02-14 10:20:05','2018-02-14 10:20:05');
INSERT INTO `message_groupes` (message,groupe,visible,plus,moins,createdAt,updatedAt) VALUES (10,7,1,0,0,'2018-02-14 10:20:05','2018-02-14 10:20:05');
INSERT INTO `message_groupes` (message,groupe,visible,plus,moins,createdAt,updatedAt) VALUES (11,5,1,0,0,'2018-02-14 10:20:05','2018-02-14 10:20:05');
INSERT INTO `message_groupes` (message,groupe,visible,plus,moins,createdAt,updatedAt) VALUES (11,2,0,0,0,'2018-02-14 10:20:05','2018-02-14 10:20:05');
INSERT INTO `message_groupes` (message,groupe,visible,plus,moins,createdAt,updatedAt) VALUES (12,7,0,0,0,'2018-02-14 10:20:05','2018-02-14 10:20:05');
INSERT INTO `message_groupes` (message,groupe,visible,plus,moins,createdAt,updatedAt) VALUES (12,1,1,0,0,'2018-02-14 10:20:05','2018-02-14 10:20:05');
INSERT INTO `message_groupes` (message,groupe,visible,plus,moins,createdAt,updatedAt) VALUES (13,3,1,0,0,'2018-02-14 10:20:05','2018-02-14 10:20:05');
INSERT INTO `message_groupes` (message,groupe,visible,plus,moins,createdAt,updatedAt) VALUES (13,1,0,0,0,'2018-02-14 10:20:05','2018-02-14 10:20:05');
INSERT INTO `message_groupes` (message,groupe,visible,plus,moins,createdAt,updatedAt) VALUES (14,2,1,0,0,'2018-02-14 10:20:05','2018-02-14 10:20:05');
INSERT INTO `message_groupes` (message,groupe,visible,plus,moins,createdAt,updatedAt) VALUES (14,1,1,0,0,'2018-02-14 10:20:05','2018-02-14 10:20:05');
INSERT INTO `message_groupes` (message,groupe,visible,plus,moins,createdAt,updatedAt) VALUES (16,4,1,0,0,'2018-02-14 10:20:05','2018-02-14 10:20:05');
INSERT INTO `message_groupes` (message,groupe,visible,plus,moins,createdAt,updatedAt) VALUES (16,2,1,0,0,'2018-02-14 10:20:05','2018-02-14 10:20:05');
INSERT INTO `message_groupes` (message,groupe,visible,plus,moins,createdAt,updatedAt) VALUES (16,5,0,0,0,'2018-02-14 10:20:05','2018-02-14 10:20:05');
INSERT INTO `message_groupes` (message,groupe,visible,plus,moins,createdAt,updatedAt) VALUES (17,5,0,0,0,'2018-02-14 10:20:05','2018-02-14 10:20:05');
INSERT INTO `message_groupes` (message,groupe,visible,plus,moins,createdAt,updatedAt) VALUES (18,2,0,0,0,'2018-02-14 10:20:05','2018-02-14 10:20:05');
INSERT INTO `message_groupes` (message,groupe,visible,plus,moins,createdAt,updatedAt) VALUES (19,7,0,0,0,'2018-02-14 10:20:05','2018-02-14 10:20:05');
INSERT INTO `message_groupes` (message,groupe,visible,plus,moins,createdAt,updatedAt) VALUES (20,7,1,0,0,'2018-02-14 10:20:05','2018-02-14 10:20:05');
INSERT INTO `message_groupes` (message,groupe,visible,plus,moins,createdAt,updatedAt) VALUES (5,5,1,0,0,'2018-02-14 10:20:05','2018-02-14 10:20:05');
INSERT INTO `message_groupes` (message,groupe,visible,plus,moins,createdAt,updatedAt) VALUES (15,5,1,0,0,'2018-02-14 10:20:05','2018-02-14 10:20:05');